Name,Phone,City
Pooja store Dwarka Mai Pooja Samagri Store,+919891451380,Delhi
Pooja samagri store - RP PoojaGhar,+919654159291,Delhi
Shri sai kripa puja Samagri Vikreta,+918860853316,Delhi
Shiv Pooja Samagri Store,+919313044869,Delhi
Bhargav pooja bhandar,+917838633436,Delhi
Organic Chatpata Achar,+918744026363,Delhi
Sitara Foods & Pickles - Onlinestore For Non Veg Pickles & Vegetarian Pickles Andhra Style,+917981882581,Delhi
Organic Chatpata Achar,+918744026363,Delhi
Sitara Foods & Pickles - Onlinestore For Non Veg Pickles & Vegetarian Pickles Andhra Style,+917981882581,Delhi
Alfa Mart Organic and More,+919967048473,Mumbai
Sahakar Dhanya Bhandar,+919594993636,Mumbai
